{
  "market": "CN",
  "price_tier": "standard",
  "samples": 10103,
  "features": 267,
  "groups": 2,
  "trained_at": "2026-03-14T15:25:59.429156",
  "return_predictor": {
    "5d": {
      "mse": 37.09351259515812,
      "rmse": 6.0904443676268905,
      "mae": 3.843879705695029,
      "r2": 0.4908803402206443,
      "direction_accuracy": 0.8283730158730159,
      "train_samples": 4032,
      "test_samples": 1008
    }
  }
}