{
  "market": "CN",
  "price_tier": "standard",
  "samples": 6051,
  "features": 230,
  "groups": 34,
  "trained_at": "2026-03-11T12:31:40.716705",
  "return_predictor": {
    "5d": {
      "mse": 51.39184020864885,
      "rmse": 7.168810236618685,
      "mae": 5.734840217198779,
      "r2": -0.7761574196844736,
      "direction_accuracy": 0.25193798449612403,
      "train_samples": 2413,
      "test_samples": 516
    },
    "20d": {
      "mse": 45.843823249511566,
      "rmse": 6.770806691193566,
      "mae": 5.275341022131853,
      "r2": -0.13614696334933973,
      "direction_accuracy": 0.6207674943566591,
      "train_samples": 656,
      "test_samples": 443
    }
  }
}