{
  "market": "CN",
  "price_tier": "standard",
  "samples": 1467141,
  "features": 88,
  "groups": 2814,
  "trained_at": "2026-03-10T23:39:13.706646",
  "return_predictor": {
    "5d": {
      "mse": 73.25813886202982,
      "rmse": 8.55909684850159,
      "mae": 5.699613122253872,
      "r2": -0.26418310797764,
      "direction_accuracy": 0.46384191940341135,
      "train_samples": 197009,
      "test_samples": 1246554
    },
    "20d": {
      "mse": 519.028119423588,
      "rmse": 22.782188644280602,
      "mae": 16.868289007920588,
      "r2": -1.3435256740721617,
      "direction_accuracy": 0.4341700322069424,
      "train_samples": 194530,
      "test_samples": 1173660
    },
    "60d": {
      "mse": 2589.394936102968,
      "rmse": 50.88609767021802,
      "mae": 40.68944267891469,
      "r2": -2.624004690249286,
      "direction_accuracy": 0.4067792814800339,
      "train_samples": 189093,
      "test_samples": 982464
    }
  }
}