{
  "market": "US",
  "version": "v7_full_data",
  "n_total": 500,
  "n_train": 400,
  "n_test": 100,
  "total_data_points": 202723,
  "avg_days": 405.446,
  "total_timesteps": 1000000,
  "train_time_s": 191.31462621688843,
  "in_sample": {
    "avg_return_pct": 1.1073018696728871,
    "avg_sharpe": -2.0537368066426533,
    "avg_max_dd_pct": 22.19270440873708,
    "avg_trades": 25.7,
    "win_rate_pct": 43.333333333333336,
    "best_return": 83.68809281901099,
    "worst_return": -36.74525589419208,
    "episodes": 60
  },
  "out_of_sample": {
    "avg_return_pct": 3.0946818149114907,
    "avg_sharpe": -0.17562753087987923,
    "avg_max_dd_pct": 18.94391094720596,
    "avg_trades": 33.306666666666665,
    "win_rate_pct": 57.333333333333336,
    "best_return": 91.43007459223462,
    "worst_return": -45.82787469535206,
    "episodes": 300
  },
  "overfit_gap": 1.9873799452386036
}