{
  "market": "US",
  "version": "v8_no_limit",
  "n_total": 3067,
  "n_train": 2453,
  "n_test": 614,
  "total_data_points": 1008330,
  "avg_days": 328.76752526899253,
  "n_active_filtered": 3136,
  "n_total_scanned": 4586,
  "total_timesteps": 1000000,
  "train_time_s": 234.32405829429626,
  "in_sample": {
    "avg_return_pct": 36.47999520741071,
    "avg_sharpe": -0.03937944017576817,
    "avg_max_dd_pct": 22.31480369215967,
    "avg_trades": 28.893333333333334,
    "win_rate_pct": 61.33333333333333,
    "best_return": 532.7318331298117,
    "worst_return": -46.776640237432254,
    "episodes": 75
  },
  "out_of_sample": {
    "avg_return_pct": 1.5645177344042254,
    "avg_sharpe": -1.0575068926020526,
    "avg_max_dd_pct": 21.05295611200796,
    "avg_trades": 26.69333333333333,
    "win_rate_pct": 52.666666666666664,
    "best_return": 87.9680959616227,
    "worst_return": -120.4029068735516,
    "episodes": 150
  },
  "overfit_gap": 34.91547747300648
}