{
  "market": "US",
  "version": "v9_optimized",
  "n_total": 800,
  "n_train": 640,
  "n_test": 160,
  "n_features": 21,
  "feature_names": [
    "volatility_20",
    "vol_ratio",
    "roc_5",
    "roc_20",
    "momentum_acceleration",
    "ma_distance_20",
    "adx_14",
    "obv_slope_10",
    "rsi_12",
    "macd_dif_pct",
    "bband_pctb_20",
    "vwap_bias",
    "mfi_14",
    "cci_14",
    "willr_14",
    "return_skew_20",
    "blue_signal",
    "return_1d",
    "return_5d",
    "return_20d",
    "volume_price_corr"
  ],
  "total_data_points": 321352,
  "avg_days": 401.69,
  "train_time_s": 186.1613311767578,
  "in_sample": {
    "avg_return_pct": 2.511780824839346,
    "avg_sharpe": -0.2983212377692079,
    "avg_max_dd_pct": 20.532497221363872,
    "avg_trades": 16.026666666666667,
    "win_rate_pct": 53.333333333333336,
    "best_return": 63.09654851242059,
    "worst_return": -40.212320096273835,
    "episodes": 75
  },
  "out_of_sample": {
    "avg_return_pct": 1.8372223851143425,
    "avg_sharpe": -0.5150612265959829,
    "avg_max_dd_pct": 20.550854396005047,
    "avg_trades": 17.32,
    "win_rate_pct": 49.333333333333336,
    "best_return": 124.09976315944608,
    "worst_return": -67.4496644295302,
    "episodes": 150
  },
  "overfit_gap": 0.6745584397250035,
  "removed_features": [
    "atr_pct",
    "kdj_j_9",
    "trend_consistency",
    "relative_volume_5"
  ],
  "added_features": [
    "blue_signal",
    "volume_price_corr"
  ]
}