{
  "market": "US",
  "version": "full_signal_v1",
  "n_episodes": 600,
  "n_train": 480,
  "n_test": 120,
  "baselines": {
    "hold_10d": {
      "avg": -2.568351791630475,
      "win": 48.333333333333336,
      "worst": -69.53913043478262,
      "best": 71.90226876090749
    },
    "hold_20d": {
      "avg": 0.8208481008817183,
      "win": 53.333333333333336,
      "worst": -70.0,
      "best": 102.8169014084507
    }
  },
  "rl": {
    "avg": -1.1134486916214195,
    "win": 50.0,
    "worst": -50.39233532328187,
    "sharpe": -3565693.2958627427
  }
}