{
  "market": "US",
  "commission_bps": 5.0,
  "slippage_bps": 10.0,
  "round_trip_cost_pct": 0.3,
  "objective": {
    "primary_horizons": [
      "20d",
      "60d"
    ],
    "excess_baseline": "cross_sectional_median_by_scan_date",
    "risk_penalty_lambda": {
      "20d": 0.35,
      "60d": 0.45
    }
  },
  "horizons": {
    "1d": {
      "samples": 4614,
      "avg_gross_return_pct": -1.172736619517147,
      "avg_net_return_pct": -1.4727366195171472,
      "cost_drag_pct": 0.3,
      "gross_win_rate_pct": 40.333766796705675,
      "net_win_rate_pct": 36.51928912006935
    },
    "5d": {
      "samples": 3317,
      "avg_gross_return_pct": -3.8048596437134283,
      "avg_net_return_pct": -4.104859643713429,
      "cost_drag_pct": 0.30000000000000004,
      "gross_win_rate_pct": 30.630087428399154,
      "net_win_rate_pct": 28.58004220681338
    },
    "10d": {
      "samples": 1961,
      "avg_gross_return_pct": -4.265111054960092,
      "avg_net_return_pct": -4.5651110549600915,
      "cost_drag_pct": 0.30000000000000004,
      "gross_win_rate_pct": 26.823049464558903,
      "net_win_rate_pct": 25.191228964813874
    },
    "20d": {
      "samples": 524,
      "avg_gross_return_pct": -5.981524503459799,
      "avg_net_return_pct": -0.0219261388645751,
      "cost_drag_pct": -5.959598364595222,
      "gross_win_rate_pct": 15.839694656488549,
      "net_win_rate_pct": 31.48854961832061
    },
    "30d": {
      "samples": 168,
      "avg_gross_return_pct": 5.507005772165501,
      "avg_net_return_pct": 5.207005772165497,
      "cost_drag_pct": 0.2999999999999994,
      "gross_win_rate_pct": 25.0,
      "net_win_rate_pct": 23.809523809523807
    },
    "60d": {
      "samples": 1,
      "avg_gross_return_pct": -8.266796494644604,
      "avg_net_return_pct": -7.210441232407758,
      "cost_drag_pct": -1.0563552622368455,
      "gross_win_rate_pct": 0.0,
      "net_win_rate_pct": 0.0
    }
  }
}