{
  "market": "US",
  "commission_bps": 5.0,
  "slippage_bps": 10.0,
  "round_trip_cost_pct": 0.3,
  "objective": {
    "primary_horizons": [
      "20d",
      "60d"
    ],
    "excess_baseline": "cross_sectional_median_by_scan_date",
    "risk_penalty_lambda": {
      "20d": 0.35,
      "60d": 0.45
    }
  },
  "horizons": {
    "1d": {
      "samples": 5654,
      "avg_gross_return_pct": -1.1903217249178528,
      "avg_net_return_pct": -1.4903217249178526,
      "cost_drag_pct": 0.3,
      "gross_win_rate_pct": 41.38662893526707,
      "net_win_rate_pct": 37.07110010611956
    },
    "5d": {
      "samples": 4034,
      "avg_gross_return_pct": -3.936003922817681,
      "avg_net_return_pct": -4.23600392281768,
      "cost_drag_pct": 0.30000000000000004,
      "gross_win_rate_pct": 31.308874566187406,
      "net_win_rate_pct": 28.92910262766485
    },
    "10d": {
      "samples": 2200,
      "avg_gross_return_pct": -4.3733014093460385,
      "avg_net_return_pct": -4.673301409346038,
      "cost_drag_pct": 0.3000000000000001,
      "gross_win_rate_pct": 27.0,
      "net_win_rate_pct": 25.363636363636367
    },
    "20d": {
      "samples": 561,
      "avg_gross_return_pct": -5.277322298733169,
      "avg_net_return_pct": 0.3205866944896949,
      "cost_drag_pct": -5.597908993222863,
      "gross_win_rate_pct": 18.89483065953654,
      "net_win_rate_pct": 32.44206773618538
    },
    "30d": {
      "samples": 208,
      "avg_gross_return_pct": 4.918772144201842,
      "avg_net_return_pct": 4.6187721442018415,
      "cost_drag_pct": 0.2999999999999995,
      "gross_win_rate_pct": 35.09615384615385,
      "net_win_rate_pct": 33.17307692307692
    },
    "60d": {
      "samples": 1,
      "avg_gross_return_pct": -8.266796494644604,
      "avg_net_return_pct": -7.210441232407758,
      "cost_drag_pct": -1.0563552622368455,
      "gross_win_rate_pct": 0.0,
      "net_win_rate_pct": 0.0
    }
  }
}