{
  "market": "US",
  "commission_bps": 5.0,
  "slippage_bps": 10.0,
  "round_trip_cost_pct": 0.3,
  "objective": {
    "primary_horizons": [
      "20d",
      "60d"
    ],
    "excess_baseline": "cross_sectional_median_by_scan_date",
    "risk_penalty_lambda": {
      "20d": 0.35,
      "60d": 0.45
    }
  },
  "horizons": {
    "1d": {
      "samples": 2821,
      "avg_gross_return_pct": -3.4005477823159094,
      "avg_net_return_pct": -3.700547782315909,
      "cost_drag_pct": 0.30000000000000004,
      "gross_win_rate_pct": 28.323289613612197,
      "net_win_rate_pct": 26.338177951081178
    },
    "5d": {
      "samples": 2817,
      "avg_gross_return_pct": -8.188991575989672,
      "avg_net_return_pct": -8.48899157598967,
      "cost_drag_pct": 0.30000000000000004,
      "gross_win_rate_pct": 19.772807951721692,
      "net_win_rate_pct": 18.778842740504082
    },
    "10d": {
      "samples": 2048,
      "avg_gross_return_pct": -15.300952790919778,
      "avg_net_return_pct": -15.600952790919777,
      "cost_drag_pct": 0.2999999999999999,
      "gross_win_rate_pct": 10.64453125,
      "net_win_rate_pct": 10.15625
    },
    "20d": {
      "samples": 695,
      "avg_gross_return_pct": -25.23069086712636,
      "avg_net_return_pct": -13.986340340429715,
      "cost_drag_pct": -11.244350526696646,
      "gross_win_rate_pct": 6.330935251798561,
      "net_win_rate_pct": 31.942446043165468
    },
    "30d": {
      "samples": 41,
      "avg_gross_return_pct": -34.567559034327466,
      "avg_net_return_pct": -34.867559034327456,
      "cost_drag_pct": 0.29999999999999866,
      "gross_win_rate_pct": 4.878048780487805,
      "net_win_rate_pct": 4.878048780487805
    }
  }
}