{
  "market": "US",
  "price_tier": "standard",
  "samples": 61154,
  "features": 266,
  "groups": 17,
  "trained_at": "2026-03-14T15:26:10.624023",
  "return_predictor": {
    "5d": {
      "mse": 75.11103660529426,
      "rmse": 8.66666236825309,
      "mae": 5.332827615787325,
      "r2": 0.23342731357238988,
      "direction_accuracy": 0.7552878179384204,
      "train_samples": 34143,
      "test_samples": 7470
    },
    "10d": {
      "mse": 65.7497616568584,
      "rmse": 8.108622673232391,
      "mae": 4.857805294567203,
      "r2": 0.5464625592292842,
      "direction_accuracy": 0.8353386809269162,
      "train_samples": 17948,
      "test_samples": 4488
    }
  }
}