{
  "market": "US",
  "commission_bps": 5.0,
  "slippage_bps": 10.0,
  "round_trip_cost_pct": 0.3,
  "objective": {
    "primary_horizons": [
      "20d",
      "60d"
    ],
    "excess_baseline": "cross_sectional_median_by_scan_date",
    "risk_penalty_lambda": {
      "20d": 0.35,
      "60d": 0.45
    }
  },
  "horizons": {
    "1d": {
      "samples": 3435,
      "avg_gross_return_pct": -3.714007648515063,
      "avg_net_return_pct": -4.014007648515063,
      "cost_drag_pct": 0.3,
      "gross_win_rate_pct": 27.889374090247454,
      "net_win_rate_pct": 26.200873362445414
    },
    "5d": {
      "samples": 3314,
      "avg_gross_return_pct": -8.450963931153005,
      "avg_net_return_pct": -8.750963931153006,
      "cost_drag_pct": 0.3,
      "gross_win_rate_pct": 20.03621001810501,
      "net_win_rate_pct": 18.980084490042245
    },
    "10d": {
      "samples": 2779,
      "avg_gross_return_pct": -15.314490982273709,
      "avg_net_return_pct": -15.614490982273713,
      "cost_drag_pct": 0.2999999999999999,
      "gross_win_rate_pct": 11.766822598056855,
      "net_win_rate_pct": 11.263044260525369
    },
    "20d": {
      "samples": 1387,
      "avg_gross_return_pct": -25.37537042520024,
      "avg_net_return_pct": -14.479057789658908,
      "cost_drag_pct": -10.896312635541333,
      "gross_win_rate_pct": 6.2004325883201155,
      "net_win_rate_pct": 33.66979091564527
    },
    "30d": {
      "samples": 373,
      "avg_gross_return_pct": -32.2631905797976,
      "avg_net_return_pct": -32.56319057979759,
      "cost_drag_pct": 0.29999999999999893,
      "gross_win_rate_pct": 4.825737265415549,
      "net_win_rate_pct": 4.825737265415549
    }
  }
}