{
  "market": "US",
  "price_tier": "standard",
  "samples": 18881,
  "features": 230,
  "groups": 95,
  "trained_at": "2026-03-11T12:22:02.288256",
  "return_predictor": {
    "5d": {
      "mse": 3986915.3446297217,
      "rmse": 1996.726156644852,
      "mae": 61.665783476384284,
      "r2": -42204.28567680142,
      "direction_accuracy": 0.4580584354382658,
      "train_samples": 13448,
      "test_samples": 4244
    },
    "20d": {
      "mse": 1500361.2830217436,
      "rmse": 1224.8923556875288,
      "mae": 39.19588847921646,
      "r2": -2463.8194912438707,
      "direction_accuracy": 0.3750839489590329,
      "train_samples": 11330,
      "test_samples": 2978
    },
    "60d": {
      "mse": 30856473.676825747,
      "rmse": 5554.8603651960275,
      "mae": 443.24406599279297,
      "r2": -108.85219617546693,
      "direction_accuracy": 0.621492128678987,
      "train_samples": 9016,
      "test_samples": 1461
    }
  }
}