{
  "market": "US",
  "commission_bps": 5.0,
  "slippage_bps": 10.0,
  "round_trip_cost_pct": 0.3,
  "objective": {
    "primary_horizons": [
      "20d",
      "60d"
    ],
    "excess_baseline": "cross_sectional_median_by_scan_date",
    "risk_penalty_lambda": {
      "20d": 0.35,
      "60d": 0.45
    }
  },
  "horizons": {
    "1d": {
      "samples": 2756,
      "avg_gross_return_pct": -2.3185518945460704,
      "avg_net_return_pct": -2.6185518945460706,
      "cost_drag_pct": 0.30000000000000004,
      "gross_win_rate_pct": 31.93033381712627,
      "net_win_rate_pct": 29.97097242380261
    },
    "5d": {
      "samples": 2028,
      "avg_gross_return_pct": -6.292953983063199,
      "avg_net_return_pct": -6.5929539830631985,
      "cost_drag_pct": 0.29999999999999993,
      "gross_win_rate_pct": 20.069033530571993,
      "net_win_rate_pct": 19.13214990138067
    },
    "10d": {
      "samples": 1500,
      "avg_gross_return_pct": -10.750324613022034,
      "avg_net_return_pct": -11.050324613022037,
      "cost_drag_pct": 0.2999999999999996,
      "gross_win_rate_pct": 11.266666666666666,
      "net_win_rate_pct": 11.066666666666666
    },
    "20d": {
      "samples": 693,
      "avg_gross_return_pct": -25.322876680224738,
      "avg_net_return_pct": -13.60259837768688,
      "cost_drag_pct": -11.720278302537858,
      "gross_win_rate_pct": 4.473304473304474,
      "net_win_rate_pct": 34.77633477633478
    },
    "30d": {
      "samples": 196,
      "avg_gross_return_pct": -33.1260573857272,
      "avg_net_return_pct": -33.426057385727205,
      "cost_drag_pct": 0.2999999999999991,
      "gross_win_rate_pct": 3.061224489795918,
      "net_win_rate_pct": 3.061224489795918
    },
    "60d": {
      "samples": 1,
      "avg_gross_return_pct": -8.266796494644604,
      "avg_net_return_pct": -7.210441232407758,
      "cost_drag_pct": -1.0563552622368455,
      "gross_win_rate_pct": 0.0,
      "net_win_rate_pct": 0.0
    }
  }
}