{
  "market": "US",
  "price_tier": "standard",
  "samples": 1628798,
  "features": 88,
  "groups": 2134,
  "trained_at": "2026-03-10T22:41:35.859571",
  "return_predictor": {
    "5d": {
      "mse": 149.58141788587164,
      "rmse": 12.230348232404163,
      "mae": 6.129513969205158,
      "r2": -0.08622549751853525,
      "direction_accuracy": 0.4948677553356005,
      "train_samples": 228205,
      "test_samples": 1380585
    },
    "20d": {
      "mse": 677.765224418891,
      "rmse": 26.033924491303477,
      "mae": 17.14491661440514,
      "r2": -0.7170842553008359,
      "direction_accuracy": 0.4874953442527639,
      "train_samples": 224546,
      "test_samples": 1320948
    },
    "60d": {
      "mse": 2102.413254040523,
      "rmse": 45.85208014954745,
      "mae": 33.36998114776095,
      "r2": -1.0948099919380287,
      "direction_accuracy": 0.5013527040321416,
      "train_samples": 213586,
      "test_samples": 1162856
    }
  }
}