{
  "market": "US",
  "commission_bps": 5.0,
  "slippage_bps": 10.0,
  "round_trip_cost_pct": 0.3,
  "objective": {
    "primary_horizons": [
      "20d",
      "60d"
    ],
    "excess_baseline": "cross_sectional_median_by_scan_date",
    "risk_penalty_lambda": {
      "20d": 0.35,
      "60d": 0.45
    }
  },
  "horizons": {
    "1d": {
      "samples": 5672,
      "avg_gross_return_pct": -1.191436191778956,
      "avg_net_return_pct": -1.4914361917789558,
      "cost_drag_pct": 0.3,
      "gross_win_rate_pct": 41.18476727785614,
      "net_win_rate_pct": 36.98871650211565
    },
    "5d": {
      "samples": 4062,
      "avg_gross_return_pct": -3.9413371627647518,
      "avg_net_return_pct": -4.2413371627647525,
      "cost_drag_pct": 0.3000000000000001,
      "gross_win_rate_pct": 31.166912850812405,
      "net_win_rate_pct": 28.729689807976367
    },
    "10d": {
      "samples": 2174,
      "avg_gross_return_pct": -4.503650563067078,
      "avg_net_return_pct": -4.803650563067078,
      "cost_drag_pct": 0.3000000000000001,
      "gross_win_rate_pct": 26.034958601655934,
      "net_win_rate_pct": 24.471021159153633
    },
    "20d": {
      "samples": 563,
      "avg_gross_return_pct": -5.355989222258361,
      "avg_net_return_pct": 0.1979436061646056,
      "cost_drag_pct": -5.553932828422965,
      "gross_win_rate_pct": 19.36056838365897,
      "net_win_rate_pct": 32.682060390763766
    },
    "30d": {
      "samples": 208,
      "avg_gross_return_pct": 4.3494962338768435,
      "avg_net_return_pct": 4.049496233876841,
      "cost_drag_pct": 0.2999999999999995,
      "gross_win_rate_pct": 33.17307692307692,
      "net_win_rate_pct": 31.25
    },
    "60d": {
      "samples": 1,
      "avg_gross_return_pct": -8.266796494644604,
      "avg_net_return_pct": -7.210441232407758,
      "cost_drag_pct": -1.0563552622368455,
      "gross_win_rate_pct": 0.0,
      "net_win_rate_pct": 0.0
    }
  }
}