{
  "market": "US",
  "commission_bps": 5.0,
  "slippage_bps": 10.0,
  "round_trip_cost_pct": 0.3,
  "objective": {
    "primary_horizons": [
      "20d",
      "60d"
    ],
    "excess_baseline": "cross_sectional_median_by_scan_date",
    "risk_penalty_lambda": {
      "20d": 0.35,
      "60d": 0.45
    }
  },
  "horizons": {
    "1d": {
      "samples": 7466,
      "avg_gross_return_pct": -0.7807680550155482,
      "avg_net_return_pct": -1.0807680550155483,
      "cost_drag_pct": 0.30000000000000004,
      "gross_win_rate_pct": 46.383605679078485,
      "net_win_rate_pct": 41.401017948031075
    },
    "5d": {
      "samples": 5573,
      "avg_gross_return_pct": -2.7559898840859116,
      "avg_net_return_pct": -3.055989884085912,
      "cost_drag_pct": 0.30000000000000004,
      "gross_win_rate_pct": 40.19379149470662,
      "net_win_rate_pct": 36.910102278844434
    },
    "10d": {
      "samples": 3043,
      "avg_gross_return_pct": -3.2593614071020087,
      "avg_net_return_pct": -3.5593614071020094,
      "cost_drag_pct": 0.30000000000000004,
      "gross_win_rate_pct": 36.80578376602037,
      "net_win_rate_pct": 34.932632270785405
    },
    "20d": {
      "samples": 606,
      "avg_gross_return_pct": -4.761606570695808,
      "avg_net_return_pct": 0.4066232877163628,
      "cost_drag_pct": -5.168229858412173,
      "gross_win_rate_pct": 23.26732673267327,
      "net_win_rate_pct": 32.508250825082506
    },
    "30d": {
      "samples": 250,
      "avg_gross_return_pct": 4.129297126883262,
      "avg_net_return_pct": 3.8292971268832634,
      "cost_drag_pct": 0.29999999999999966,
      "gross_win_rate_pct": 41.199999999999996,
      "net_win_rate_pct": 38.4
    },
    "60d": {
      "samples": 1,
      "avg_gross_return_pct": -8.266796494644604,
      "avg_net_return_pct": -7.210441232407758,
      "cost_drag_pct": -1.0563552622368455,
      "gross_win_rate_pct": 0.0,
      "net_win_rate_pct": 0.0
    }
  }
}