{
  "market": "US",
  "price_tier": "standard",
  "samples": 78695,
  "features": 210,
  "groups": 58,
  "trained_at": "2026-03-12T20:21:57.848361",
  "return_predictor": {
    "5d": {
      "mse": 85.45904115490576,
      "rmse": 9.244405938453037,
      "mae": 5.361465758227193,
      "r2": -0.006567199927019152,
      "direction_accuracy": 0.6596586546979272,
      "train_samples": 25212,
      "test_samples": 33866
    },
    "20d": {
      "mse": 259.7246479654514,
      "rmse": 16.11597493065348,
      "mae": 11.792792400601074,
      "r2": -0.11759868014314967,
      "direction_accuracy": 0.5776754890678941,
      "train_samples": 4456,
      "test_samples": 869
    }
  }
}