{
  "market": "CN",
  "version": "v7_full_data",
  "n_total": 400,
  "n_train": 320,
  "n_test": 80,
  "total_data_points": 108800,
  "avg_days": 272.0,
  "total_timesteps": 1000000,
  "train_time_s": 188.03430795669556,
  "in_sample": {
    "avg_return_pct": 8.09568877782973,
    "avg_sharpe": 0.19408965039703324,
    "avg_max_dd_pct": 17.686512288176534,
    "avg_trades": 33.81666666666667,
    "win_rate_pct": 61.66666666666667,
    "best_return": 157.00490694939404,
    "worst_return": -30.397813301412178,
    "episodes": 60
  },
  "out_of_sample": {
    "avg_return_pct": 14.459739403887736,
    "avg_sharpe": -0.5844079637837303,
    "avg_max_dd_pct": 19.55074587263668,
    "avg_trades": 29.970833333333335,
    "win_rate_pct": 70.41666666666667,
    "best_return": 154.91272948063042,
    "worst_return": -33.652102225886225,
    "episodes": 240
  },
  "overfit_gap": 6.364050626058006
}