{
  "market": "CN",
  "version": "v9_optimized",
  "n_total": 500,
  "n_train": 400,
  "n_test": 100,
  "n_features": 21,
  "feature_names": [
    "volatility_20",
    "vol_ratio",
    "roc_5",
    "roc_20",
    "momentum_acceleration",
    "ma_distance_20",
    "adx_14",
    "obv_slope_10",
    "rsi_12",
    "macd_dif_pct",
    "bband_pctb_20",
    "vwap_bias",
    "mfi_14",
    "cci_14",
    "willr_14",
    "return_skew_20",
    "blue_signal",
    "return_1d",
    "return_5d",
    "return_20d",
    "volume_price_corr"
  ],
  "total_data_points": 136000,
  "avg_days": 272.0,
  "train_time_s": 193.65452480316162,
  "in_sample": {
    "avg_return_pct": 21.809021529833043,
    "avg_sharpe": 0.5761807001410291,
    "avg_max_dd_pct": 17.905581775593994,
    "avg_trades": 22.48,
    "win_rate_pct": 65.33333333333333,
    "best_return": 105.29475613176089,
    "worst_return": -29.74566900110579,
    "episodes": 75
  },
  "out_of_sample": {
    "avg_return_pct": 15.816299080987747,
    "avg_sharpe": 0.14146037577796003,
    "avg_max_dd_pct": 17.993749282045435,
    "avg_trades": 20.36,
    "win_rate_pct": 63.33333333333333,
    "best_return": 163.48610581017041,
    "worst_return": -31.831395252829054,
    "episodes": 150
  },
  "overfit_gap": 5.992722448845296,
  "removed_features": [
    "atr_pct",
    "kdj_j_9",
    "trend_consistency",
    "relative_volume_5"
  ],
  "added_features": [
    "blue_signal",
    "volume_price_corr"
  ]
}