{
  "ret_1d": {
    "alpha": 1.4290478844041328,
    "sharpe": -0.9486393508178995,
    "wr": 42.944785276073624,
    "mdd": -23.922540279117232,
    "port": -13.245384967180717,
    "bench": -14.67443285158485,
    "hold": 1,
    "desc": "1日排名"
  },
  "ret_3d": {
    "alpha": 3.8123781355144946,
    "sharpe": -0.6323174485556563,
    "wr": 46.2962962962963,
    "mdd": -25.611096749858632,
    "port": -9.71077047100689,
    "bench": -13.523148606521385,
    "hold": 3,
    "desc": "3日排名"
  },
  "ret_5d": {
    "alpha": 9.222405563478098,
    "sharpe": -0.2535163791932747,
    "wr": 46.875,
    "mdd": -19.14826606745128,
    "port": -4.098048779199681,
    "bench": -13.32045434267778,
    "hold": 5,
    "desc": "5日排名"
  },
  "ret_10d": {
    "alpha": -12.11936798410359,
    "sharpe": -2.255210709747687,
    "wr": 31.25,
    "mdd": -30.417281320951094,
    "port": -25.724785257408378,
    "bench": -13.605417273304788,
    "hold": 10,
    "desc": "10日排名"
  },
  "ret_20d": {
    "alpha": -3.2136056186839443,
    "sharpe": -1.6769736699986841,
    "wr": 37.5,
    "mdd": -17.386825313273146,
    "port": -15.503502397360446,
    "bench": -12.289896778676502,
    "hold": 20,
    "desc": "20日排名"
  },
  "low_vol": {
    "alpha": -7.179546330177798,
    "sharpe": -2.081421511675673,
    "wr": 28.125,
    "mdd": -27.736958781578956,
    "port": -20.500000672855577,
    "bench": -13.32045434267778,
    "hold": 5,
    "desc": "低波动"
  },
  "low_dd": {
    "alpha": -11.570281644408942,
    "sharpe": -4.346400115608202,
    "wr": 28.125,
    "mdd": -26.56464180804552,
    "port": -24.89073598708672,
    "bench": -13.32045434267778,
    "hold": 5,
    "desc": "低回撤"
  },
  "high_up": {
    "alpha": -21.933786487953988,
    "sharpe": -3.1667433074305045,
    "wr": 37.5,
    "mdd": -36.72117485765089,
    "port": -35.254240830631765,
    "bench": -13.32045434267778,
    "hold": 5,
    "desc": "高上涨"
  },
  "risk_adj": {
    "alpha": 2.739535293739859,
    "sharpe": -0.8595869761207576,
    "wr": 37.5,
    "mdd": -17.233799237160387,
    "port": -10.58091904893792,
    "bench": -13.32045434267778,
    "hold": 5,
    "desc": "风险调整"
  }
}