{
  "expand_50%": {
    "alpha": 9.222405563478098,
    "sharpe": -0.2535163791932747,
    "wr": 46.875,
    "mdd": -19.14826606745128,
    "port": -4.098048779199681,
    "bench": -13.32045434267778,
    "n": 32
  },
  "expand_60%": {
    "alpha": 1.6199035175134195,
    "sharpe": -1.1669578395213909,
    "wr": 34.61538461538461,
    "mdd": -30.70918187941838,
    "port": -15.494015663813999,
    "bench": -17.113919181327418,
    "n": 26
  },
  "expand_70%": {
    "alpha": 1.1717960087860178,
    "sharpe": -2.469765384816146,
    "wr": 21.052631578947366,
    "mdd": -22.890062712121473,
    "port": -19.739156037969565,
    "bench": -20.910952046755583,
    "n": 19
  },
  "slide_60d": {
    "alpha": -13.194720593185693,
    "sharpe": -2.293546711254387,
    "wr": 41.02564102564102,
    "mdd": -25.885392621348892,
    "port": -23.87649894273367,
    "bench": -10.681778349547976,
    "n": 39
  },
  "slide_90d": {
    "alpha": 6.069032746256896,
    "sharpe": -0.21698534903751945,
    "wr": 41.02564102564102,
    "mdd": -25.71297307166529,
    "port": -4.61274560329108,
    "bench": -10.681778349547976,
    "n": 39
  },
  "slide_120d": {
    "alpha": 8.108143452784322,
    "sharpe": -0.07929176614586761,
    "wr": 48.717948717948715,
    "mdd": -21.079888494179222,
    "port": -2.5736348967636546,
    "bench": -10.681778349547976,
    "n": 39
  },
  "slide_180d": {
    "alpha": -0.8637816903938358,
    "sharpe": -1.6482740646188154,
    "wr": 40.74074074074074,
    "mdd": -22.073167801634884,
    "port": -18.19948497630972,
    "bench": -17.335703285915883,
    "n": 27
  }
}