{
  "V3 Long": {
    "alpha": 5.594233433481335,
    "sharpe": -1.7915831392944932,
    "wr": 30.952380952380953,
    "mdd": -76.4245283014638,
    "port": -67.39734149093562,
    "bench": -72.99157492441695,
    "n": 42
  },
  "V3 Short": {
    "alpha": 236.6282535577277,
    "sharpe": 2.1812239358739443,
    "wr": 76.19047619047619,
    "mdd": -40.228200835988424,
    "port": 163.63667863331074,
    "bench": -72.99157492441695,
    "n": 42
  },
  "V3 Long/Short": {
    "alpha": 60.38553810320186,
    "sharpe": -0.1395097342223297,
    "wr": 52.38095238095239,
    "mdd": -31.544779580985917,
    "port": -12.606036821215094,
    "bench": -72.99157492441695,
    "n": 42
  },
  "V3+MKT Long": {
    "alpha": -5.853347611940563,
    "sharpe": -2.5537570437471913,
    "wr": 33.33333333333333,
    "mdd": -82.77063577047723,
    "port": -78.84492253635752,
    "bench": -72.99157492441695,
    "n": 42
  },
  "V3+MKT Short": {
    "alpha": 194.54714818910935,
    "sharpe": 1.838731174688331,
    "wr": 73.80952380952381,
    "mdd": -42.86060852529201,
    "port": 121.55557326469241,
    "bench": -72.99157492441695,
    "n": 42
  },
  "V3+MKT Long/Short": {
    "alpha": 40.46016871313308,
    "sharpe": -0.7430485521373551,
    "wr": 54.761904761904766,
    "mdd": -37.99328274014005,
    "port": -32.53140621128387,
    "bench": -72.99157492441695,
    "n": 42
  },
  "V3+MKT L/S slide90": {
    "alpha": 46.719385991153985,
    "sharpe": -0.813530025637466,
    "wr": 54.761904761904766,
    "mdd": -24.74716531793969,
    "port": -26.272188933262964,
    "bench": -72.99157492441695,
    "n": 42
  },
  "V3+MKT L/S slide120": {
    "alpha": 68.92957500912007,
    "sharpe": -0.02336998952554363,
    "wr": 42.857142857142854,
    "mdd": -19.614583610728886,
    "port": -4.061999915296877,
    "bench": -72.99157492441695,
    "n": 42
  }
}