{
  "ret_1d": {
    "alpha": 0.510025018011774,
    "sharpe": -4.2562685306568575,
    "wr": 37.628865979381445,
    "mdd": -74.2344505500214,
    "port": -74.40834412724091,
    "bench": -74.91836914525268,
    "hold": 1,
    "desc": "1日排名"
  },
  "ret_3d": {
    "alpha": -1.7098585068354737,
    "sharpe": -2.9786231706971376,
    "wr": 27.692307692307693,
    "mdd": -81.85893255670553,
    "port": -76.20976777861415,
    "bench": -74.49990927177868,
    "hold": 3,
    "desc": "3日排名"
  },
  "ret_5d": {
    "alpha": -1.5942307716396726,
    "sharpe": -5.117310744817547,
    "wr": 15.384615384615385,
    "mdd": -75.15403992362974,
    "port": -79.31726744616931,
    "bench": -77.72303667452964,
    "hold": 5,
    "desc": "5日排名"
  },
  "ret_10d": {
    "alpha": 4.360360875124357,
    "sharpe": -5.739764421237892,
    "wr": 21.052631578947366,
    "mdd": -67.54538355852546,
    "port": -70.64865066294468,
    "bench": -75.00901153806903,
    "hold": 10,
    "desc": "10日排名"
  },
  "ret_20d": {
    "alpha": 20.80288438439817,
    "sharpe": -4.386933754955729,
    "wr": 11.11111111111111,
    "mdd": -50.462200364755006,
    "port": -49.81763439191238,
    "bench": -70.62051877631055,
    "hold": 20,
    "desc": "20日排名"
  },
  "low_vol": {
    "alpha": 10.547968501228254,
    "sharpe": -2.6208800290038767,
    "wr": 23.076923076923077,
    "mdd": -69.15824399384925,
    "port": -67.17506817330138,
    "bench": -77.72303667452964,
    "hold": 5,
    "desc": "低波动"
  },
  "low_dd": {
    "alpha": 19.609047892209254,
    "sharpe": -1.4424213439376474,
    "wr": 33.33333333333333,
    "mdd": -72.62232030153666,
    "port": -58.113988782320384,
    "bench": -77.72303667452964,
    "hold": 5,
    "desc": "低回撤"
  },
  "high_up": {
    "alpha": 6.926886293579614,
    "sharpe": -4.649956093922398,
    "wr": 28.205128205128204,
    "mdd": -72.82887313359181,
    "port": -70.79615038095002,
    "bench": -77.72303667452964,
    "hold": 5,
    "desc": "高上涨"
  },
  "risk_adj": {
    "alpha": -1.2583246471702694,
    "sharpe": -4.414114077408233,
    "wr": 28.205128205128204,
    "mdd": -75.44816297320006,
    "port": -78.98136132169991,
    "bench": -77.72303667452964,
    "hold": 5,
    "desc": "风险调整"
  }
}