{
  "expand_50%": {
    "alpha": 13.075099668756309,
    "sharpe": -4.4472542182644625,
    "wr": 10.0,
    "mdd": -47.35136991500549,
    "port": -48.79941868737725,
    "bench": -61.87451835613356,
    "n": 10
  },
  "expand_60%": {
    "alpha": 13.188053670468236,
    "sharpe": -3.9171283949186284,
    "wr": 12.5,
    "mdd": -49.237525222099435,
    "port": -48.27119366878393,
    "bench": -61.459247339252165,
    "n": 8
  },
  "expand_70%": {
    "alpha": 19.424977439687332,
    "sharpe": -7.288121283792383,
    "wr": 0.0,
    "mdd": -40.21291136520282,
    "port": -44.68395975849736,
    "bench": -64.10893719818469,
    "n": 6
  },
  "slide_60d": {
    "alpha": 11.176305496369913,
    "sharpe": -3.745852560417324,
    "wr": 8.333333333333332,
    "mdd": -52.638800993621395,
    "port": -62.41834127844037,
    "bench": -73.59464677481029,
    "n": 12
  },
  "slide_90d": {
    "alpha": 22.079031775639322,
    "sharpe": -1.3935258701991848,
    "wr": 25.0,
    "mdd": -37.84213580975907,
    "port": -51.515614999170964,
    "bench": -73.59464677481029,
    "n": 12
  },
  "slide_120d": {
    "alpha": 8.187766758534977,
    "sharpe": -2.1423252574054676,
    "wr": 25.0,
    "mdd": -52.707002160639206,
    "port": -65.40688001627531,
    "bench": -73.59464677481029,
    "n": 12
  },
  "slide_180d": {
    "alpha": 8.916242570910953,
    "sharpe": -3.356753781817105,
    "wr": 9.090909090909092,
    "mdd": -56.707116595859475,
    "port": -59.55247762450199,
    "bench": -68.46872019541294,
    "n": 11
  }
}