{
  "market": "US",
  "price_tier": "penny",
  "samples": 34833,
  "features": 210,
  "groups": 54,
  "trained_at": "2026-03-12T20:22:14.538782",
  "return_predictor": {
    "5d": {
      "mse": 62492.04917231907,
      "rmse": 249.9840978388807,
      "mae": 33.685191186486534,
      "r2": -0.569531803818299,
      "direction_accuracy": 0.4721027327935223,
      "train_samples": 10967,
      "test_samples": 15808
    },
    "20d": {
      "mse": 48352.722481863064,
      "rmse": 219.89252484307661,
      "mae": 72.41084922843235,
      "r2": 0.400894236991828,
      "direction_accuracy": 0.5979602791196994,
      "train_samples": 1805,
      "test_samples": 1863
    }
  }
}