{
  "market": "US",
  "price_tier": "penny",
  "samples": 17547,
  "features": 210,
  "groups": 261,
  "trained_at": "2026-03-12T23:10:10.721983",
  "return_predictor": {
    "5d": {
      "mse": 197775.60709425595,
      "rmse": 444.7196949700518,
      "mae": 121.23277443889573,
      "r2": 0.13385481491559081,
      "direction_accuracy": 0.32713347921225383,
      "train_samples": 15717,
      "test_samples": 1828
    },
    "20d": {
      "mse": 937224.7712576523,
      "rmse": 968.1036986075677,
      "mae": 382.8566258429759,
      "r2": -0.03163121011635095,
      "direction_accuracy": 0.4427860696517413,
      "train_samples": 15524,
      "test_samples": 2010
    },
    "60d": {
      "mse": 1014182.4127377404,
      "rmse": 1007.0662404915281,
      "mae": 443.37095348365386,
      "r2": -1.0052636728581246,
      "direction_accuracy": 0.7319947621126146,
      "train_samples": 14988,
      "test_samples": 2291
    }
  }
}