{
  "market": "US",
  "price_tier": "penny",
  "samples": 12668,
  "features": 230,
  "groups": 94,
  "trained_at": "2026-03-11T12:52:29.133453",
  "return_predictor": {
    "5d": {
      "mse": 282120.9141106772,
      "rmse": 531.1505569145882,
      "mae": 60.950778565295,
      "r2": -0.1624458690552617,
      "direction_accuracy": 0.5072463768115942,
      "train_samples": 6432,
      "test_samples": 4968
    },
    "20d": {
      "mse": 180353.15596071823,
      "rmse": 424.68006306008556,
      "mae": 103.22887414865228,
      "r2": -0.05090348034065184,
      "direction_accuracy": 0.607095926412615,
      "train_samples": 4223,
      "test_samples": 3044
    },
    "60d": {
      "mse": 120999.53648353687,
      "rmse": 347.8498763598125,
      "mae": 80.01875346936556,
      "r2": -0.1632751665853971,
      "direction_accuracy": 0.6342015855039638,
      "train_samples": 2777,
      "test_samples": 883
    }
  }
}