{
  "market": "US",
  "commission_bps": 5.0,
  "slippage_bps": 10.0,
  "round_trip_cost_pct": 0.7,
  "objective": {
    "primary_horizons": [
      "20d",
      "60d"
    ],
    "excess_baseline": "cross_sectional_median_by_scan_date",
    "risk_penalty_lambda": {
      "20d": 0.35,
      "60d": 0.45
    }
  },
  "horizons": {
    "1d": {
      "samples": 5345,
      "avg_gross_return_pct": 0.6962133668038282,
      "avg_net_return_pct": -0.003786633196171694,
      "cost_drag_pct": 0.6999999999999998,
      "gross_win_rate_pct": 40.24321796071095,
      "net_win_rate_pct": 36.987839101964454
    },
    "5d": {
      "samples": 3521,
      "avg_gross_return_pct": 1.1867388052865875,
      "avg_net_return_pct": 0.4867388052865872,
      "cost_drag_pct": 0.7000000000000002,
      "gross_win_rate_pct": 34.59244532803181,
      "net_win_rate_pct": 32.7179778472025
    },
    "10d": {
      "samples": 1708,
      "avg_gross_return_pct": -3.0502373910670406,
      "avg_net_return_pct": -3.750237391067043,
      "cost_drag_pct": 0.7000000000000007,
      "gross_win_rate_pct": 25.117096018735364,
      "net_win_rate_pct": 24.473067915690866
    },
    "20d": {
      "samples": 356,
      "avg_gross_return_pct": -29.429692972829237,
      "avg_net_return_pct": -15.061613678258201,
      "cost_drag_pct": -14.368079294571038,
      "gross_win_rate_pct": 13.202247191011235,
      "net_win_rate_pct": 32.86516853932584
    },
    "30d": {
      "samples": 163,
      "avg_gross_return_pct": -24.393815700708455,
      "avg_net_return_pct": -25.09381570070846,
      "cost_drag_pct": 0.7000000000000015,
      "gross_win_rate_pct": 24.539877300613497,
      "net_win_rate_pct": 24.539877300613497
    }
  }
}