{
  "market": "US",
  "price_tier": "penny",
  "samples": 34827,
  "features": 230,
  "groups": 55,
  "trained_at": "2026-03-12T12:05:31.119443",
  "return_predictor": {
    "5d": {
      "mse": 56610.93593088587,
      "rmse": 237.930527530382,
      "mae": 33.90628729431719,
      "r2": -0.42165649801161176,
      "direction_accuracy": 0.4695685182841959,
      "train_samples": 10963,
      "test_samples": 15806
    },
    "20d": {
      "mse": 53131.13255292209,
      "rmse": 230.50191442355114,
      "mae": 73.9071162599731,
      "r2": 0.33872721047745424,
      "direction_accuracy": 0.5913978494623656,
      "train_samples": 1804,
      "test_samples": 1860
    }
  }
}