{
  "market": "US",
  "commission_bps": 5.0,
  "slippage_bps": 10.0,
  "round_trip_cost_pct": 0.7,
  "objective": {
    "primary_horizons": [
      "20d",
      "60d"
    ],
    "excess_baseline": "cross_sectional_median_by_scan_date",
    "risk_penalty_lambda": {
      "20d": 0.35,
      "60d": 0.45
    }
  },
  "horizons": {
    "1d": {
      "samples": 4869,
      "avg_gross_return_pct": 0.04403778643197155,
      "avg_net_return_pct": -0.6559622135680285,
      "cost_drag_pct": 0.6999999999999998,
      "gross_win_rate_pct": 38.91969603614705,
      "net_win_rate_pct": 35.59252413226535
    },
    "5d": {
      "samples": 3161,
      "avg_gross_return_pct": 0.1828775971890821,
      "avg_net_return_pct": -0.5171224028109176,
      "cost_drag_pct": 0.7000000000000002,
      "gross_win_rate_pct": 31.76210060107561,
      "net_win_rate_pct": 29.92723821575451
    },
    "10d": {
      "samples": 1553,
      "avg_gross_return_pct": -4.129499673468675,
      "avg_net_return_pct": -4.829499673468675,
      "cost_drag_pct": 0.7000000000000008,
      "gross_win_rate_pct": 21.635544108177722,
      "net_win_rate_pct": 21.056020605280104
    },
    "20d": {
      "samples": 352,
      "avg_gross_return_pct": -30.034395464098953,
      "avg_net_return_pct": -15.16375206079266,
      "cost_drag_pct": -14.870643403306293,
      "gross_win_rate_pct": 12.5,
      "net_win_rate_pct": 32.10227272727273
    },
    "30d": {
      "samples": 159,
      "avg_gross_return_pct": -25.63238917849655,
      "avg_net_return_pct": -26.33238917849655,
      "cost_drag_pct": 0.7000000000000016,
      "gross_win_rate_pct": 22.641509433962266,
      "net_win_rate_pct": 22.641509433962266
    }
  }
}