{
  "market": "US",
  "price_tier": "penny",
  "samples": 1853295,
  "features": 88,
  "groups": 2134,
  "trained_at": "2026-03-10T23:06:44.738064",
  "return_predictor": {
    "5d": {
      "mse": 105946.15002200213,
      "rmse": 325.4937019697956,
      "mae": 27.490548114696583,
      "r2": 0.02621775065121712,
      "direction_accuracy": 0.4422001645012657,
      "train_samples": 1218906,
      "test_samples": 626135
    },
    "20d": {
      "mse": 359414.7021491197,
      "rmse": 599.512053381014,
      "mae": 68.88830252065883,
      "r2": 0.03019914854703698,
      "direction_accuracy": 0.45644114018570225,
      "train_samples": 1202687,
      "test_samples": 616040
    },
    "60d": {
      "mse": 3834957.8074828256,
      "rmse": 1958.3048300718726,
      "mae": 141.3208783596862,
      "r2": 0.040795596045597016,
      "direction_accuracy": 0.48000141487505305,
      "train_samples": 1157011,
      "test_samples": 593692
    }
  }
}