{
  "version": "v4_conservative",
  "n_train": 62,
  "n_test": 16,
  "test_symbols": [
    "HSTM",
    "CION",
    "DUOL",
    "VSTM",
    "TARS",
    "OTEX",
    "GDDY",
    "AMCX",
    "NCNO",
    "FLUT",
    "AMR",
    "TRI",
    "VNO",
    "GWRE",
    "MAX",
    "MLYS"
  ],
  "total_timesteps": 1000000,
  "train_time_s": 185.10700726509094,
  "in_sample": {
    "avg_return_pct": 14.643503218057756,
    "avg_sharpe": -7758798.137152966,
    "avg_max_dd_pct": 18.92558625481256,
    "avg_trades": 33.84444444444444,
    "win_rate_pct": 64.44444444444444,
    "best_return": 94.13089679910243,
    "worst_return": -24.958454985550848,
    "episodes": 45
  },
  "out_of_sample": {
    "avg_return_pct": 13.489153335432462,
    "avg_sharpe": -0.010142339859381991,
    "avg_max_dd_pct": 21.82266507933241,
    "avg_trades": 30.916666666666668,
    "win_rate_pct": 56.25,
    "best_return": 202.8802953532438,
    "worst_return": -35.75368116475924,
    "episodes": 48
  },
  "overfit_gap": 1.1543498826252936
}