{
  "version": "v5_final_300stocks",
  "n_total": 300,
  "n_train": 240,
  "n_test": 60,
  "total_data_points": 123923,
  "avg_days": 413.07666666666665,
  "total_timesteps": 1000000,
  "train_time_s": 187.1242229938507,
  "test_symbols": [
    "MDLZ",
    "CBZ",
    "BSX",
    "KKR",
    "GENC",
    "MEDP",
    "NCNO",
    "PCTY",
    "KREF",
    "HCKT",
    "JKHY",
    "HR",
    "LOCO",
    "PHAT",
    "PEGA",
    "SPGI",
    "PROF",
    "ZG",
    "KSS",
    "MTN",
    "EFX",
    "ADUS",
    "GPRE",
    "USLM",
    "SLG",
    "SAMG",
    "PLUS",
    "CR",
    "ENTA",
    "CHPT",
    "KRG",
    "SHOO",
    "BALY",
    "ESRT",
    "BSY",
    "SITC",
    "MGM",
    "CCB",
    "NDAQ",
    "FLO",
    "CHKP",
    "DOX",
    "CGNT",
    "BL",
    "HPQ",
    "ROOT",
    "SGRY",
    "TRU",
    "TW",
    "PENN",
    "ARLO",
    "MGPI",
    "OMF",
    "APVO",
    "VRSK",
    "IMTX",
    "GBDC",
    "CRAI",
    "BRO",
    "NWS"
  ],
  "in_sample": {
    "avg_return_pct": 3.7896184789177596,
    "avg_sharpe": -0.016687367244232146,
    "avg_max_dd_pct": 18.952070329394665,
    "avg_trades": 43.75,
    "win_rate_pct": 46.666666666666664,
    "best_return": 68.83921924363572,
    "worst_return": -40.45980515655059,
    "episodes": 60
  },
  "out_of_sample": {
    "avg_return_pct": 5.648557233281006,
    "avg_sharpe": -0.3392522011112222,
    "avg_max_dd_pct": 18.703987517492095,
    "avg_trades": 41.28888888888889,
    "win_rate_pct": 52.77777777777778,
    "best_return": 157.5919991348306,
    "worst_return": -72.36521277183968,
    "episodes": 180
  },
  "overfit_gap": 1.8589387543632467
}