{
  "market": "CN",
  "price_tier": "penny",
  "samples": 992907,
  "features": 88,
  "groups": 2794,
  "trained_at": "2026-03-10T23:59:08.935961",
  "return_predictor": {
    "5d": {
      "mse": 75.67770604845529,
      "rmse": 8.699293422368008,
      "mae": 5.5035716717753616,
      "r2": 0.00944489384737146,
      "direction_accuracy": 0.5040540720162695,
      "train_samples": 537629,
      "test_samples": 451398
    },
    "20d": {
      "mse": 303.2763493486457,
      "rmse": 17.414831304053614,
      "mae": 10.808891664045385,
      "r2": -0.01781648491945953,
      "direction_accuracy": 0.5275085209266868,
      "train_samples": 525426,
      "test_samples": 451242
    },
    "60d": {
      "mse": 1087.3758555214965,
      "rmse": 32.9753825682356,
      "mae": 20.406788379545475,
      "r2": -0.037616761974288204,
      "direction_accuracy": 0.5314834032964517,
      "train_samples": 493682,
      "test_samples": 449999
    }
  }
}