{
  "market": "CN",
  "price_tier": "penny",
  "samples": 987,
  "features": 230,
  "groups": 34,
  "trained_at": "2026-03-11T12:52:24.010060",
  "return_predictor": {
    "5d": {
      "mse": 48.03188202308505,
      "rmse": 6.930503735161324,
      "mae": 5.692542403225387,
      "r2": -0.3112592341655347,
      "direction_accuracy": 0.3170731707317073,
      "train_samples": 569,
      "test_samples": 82
    },
    "20d": {
      "mse": 74.82310973195189,
      "rmse": 8.650035244549695,
      "mae": 5.725223141806985,
      "r2": 0.06155177259258915,
      "direction_accuracy": 0.7076923076923077,
      "train_samples": 199,
      "test_samples": 65
    }
  }
}